時間,買價,賣價,成交,漲跌,單量,累計
09:00:02,,,1915,20.00,56,56
09:00:02,1915,1920,1915,20.00,1,57
09:00:02,1910,1920,1910,15.00,1,58
09:00:02,1910,1920,1910,15.00,2,60
09:00:02,1910,1920,1910,15.00,1,61
09:00:02,1910,1920,1905,10.00,5,66
09:00:03,1900,1915,1915,20.00,1,67
09:00:05,1900,1915,1915,20.00,1,68
09:00:05,1900,1915,1915,20.00,3,71
09:00:07,1905,1920,1920,25.00,2,73
09:00:09,1915,1920,1915,20.00,1,74
09:00:09,1915,1920,1915,20.00,5,79
09:00:10,1905,1920,1920,25.00,1,80
09:00:10,1905,1920,1915,20.00,1,81
09:00:10,1905,1920,1920,25.00,1,82
09:00:10,1905,1920,1905,10.00,1,83
09:00:11,1905,1920,1920,25.00,1,84
09:00:13,1905,1920,1920,25.00,1,85
09:00:15,1905,1920,1910,15.00,1,86
09:00:15,1910,1920,1910,15.00,2,88
09:00:15,1910,1920,1910,15.00,1,89
09:00:15,1905,1920,1920,25.00,1,90
09:00:15,1905,1920,1905,10.00,1,91
09:00:16,1910,1920,1920,25.00,1,92
09:00:17,1910,1920,1915,20.00,1,93
09:00:17,1910,1915,1915,20.00,2,95
09:00:18,1915,1920,1920,25.00,1,96
09:00:19,1915,1920,1920,25.00,1,97
09:00:20,1915,1920,1915,20.00,3,100
09:00:20,1910,1920,1910,15.00,1,101
09:00:21,1910,1920,1920,25.00,2,103
09:00:21,1910,1920,1915,20.00,1,104
09:00:24,1910,1915,1915,20.00,1,105
09:00:24,1910,1920,1920,25.00,1,106
09:00:26,1910,1920,1915,20.00,1,107
09:00:26,1915,1920,1920,25.00,1,108
09:00:26,1910,1920,1920,25.00,1,109
09:00:27,1910,1920,1910,15.00,1,110
09:00:27,1910,1920,1920,25.00,3,113
09:00:29,1910,1920,1920,25.00,1,114
09:00:29,1910,1920,1920,25.00,2,116
09:00:31,1915,1920,1920,25.00,1,117
09:00:34,1915,1920,1920,25.00,1,118
09:00:34,1915,1920,1920,25.00,2,120
09:00:36,1915,1920,1920,25.00,1,121
09:00:37,1915,1920,1920,25.00,1,122
09:00:37,1915,1920,1920,25.00,1,123
09:00:38,1915,1920,1920,25.00,1,124
09:00:38,1915,1920,1915,20.00,1,125
09:00:38,1915,1920,1920,25.00,2,127
09:00:40,1915,1920,1920,25.00,1,128
09:00:40,1915,1920,1920,25.00,1,129
09:00:40,1915,1920,1920,25.00,1,130
09:00:40,1915,1920,1920,25.00,2,132
09:00:40,1915,1920,1920,25.00,1,133
09:00:43,1920,1925,1920,25.00,1,134
09:00:44,1920,1925,1920,25.00,1,135
09:00:45,1920,1925,1920,25.00,1,136
09:00:46,1920,1925,1920,25.00,1,137
09:00:48,1920,1925,1920,25.00,1,138
09:00:48,1920,1925,1925,30.00,1,139
09:00:51,1920,1925,1925,30.00,1,140
09:00:54,1920,1925,1925,30.00,1,141
09:00:57,1920,1925,1925,30.00,5,146
09:00:58,1920,1925,1925,30.00,1,147
09:00:58,1920,1925,1925,30.00,1,148
09:00:59,1920,1925,1925,30.00,13,161
09:00:59,1920,1925,1925,30.00,4,165
09:00:59,1920,1925,1925,30.00,1,166
09:01:00,1920,1925,1925,30.00,1,167
09:01:01,1920,1925,1925,30.00,1,168
09:01:01,1920,1925,1925,30.00,1,169
09:01:02,1920,1925,1925,30.00,1,170
09:01:02,1920,1930,1925,30.00,1,171
09:01:02,1920,1930,1925,30.00,1,172
09:01:02,1925,1930,1925,30.00,1,173
09:01:02,1920,1930,1925,30.00,1,174
09:01:03,1920,1930,1925,30.00,1,175
09:01:04,1920,1925,1925,30.00,2,177
09:01:04,1920,1925,1925,30.00,1,178
09:01:05,1920,1925,1925,30.00,1,179
09:01:06,1920,1925,1925,30.00,1,180
09:01:07,1920,1925,1925,30.00,1,181
09:01:07,1920,1925,1925,30.00,2,183
09:01:08,1920,1925,1925,30.00,1,184
09:01:08,1920,1925,1925,30.00,1,185
09:01:08,1920,1925,1925,30.00,1,186
09:01:09,1920,1930,1930,35.00,1,187
09:01:09,1920,1930,1925,30.00,1,188
09:01:09,1920,1925,1925,30.00,2,190
09:01:10,1920,1930,1925,30.00,1,191
09:01:10,1920,1930,1925,30.00,1,192
09:01:10,1920,1930,1925,30.00,1,193
09:01:10,1920,1930,1920,25.00,1,194
09:01:11,1920,1925,1925,30.00,1,195
09:01:11,1920,1925,1925,30.00,1,196
09:01:14,1920,1925,1925,30.00,1,197
09:01:14,1920,1925,1920,25.00,5,202
09:01:14,1920,1925,1920,25.00,9,211
09:01:14,1920,1925,1920,25.00,3,214
09:01:14,1920,1925,1920,25.00,7,221
09:01:14,1920,1925,1920,25.00,4,225
09:01:14,1920,1925,1920,25.00,3,228
09:01:14,1920,1925,1920,25.00,4,232
09:01:14,1915,1925,1915,20.00,1,233
09:01:14,1915,1925,1925,30.00,2,235
09:01:15,1920,1925,1925,30.00,1,236
09:01:16,1920,1925,1920,25.00,1,237
09:01:16,1915,1925,1920,25.00,1,238
09:01:18,1915,1920,1920,25.00,1,239
09:01:19,1915,1920,1920,25.00,1,240
09:01:23,1915,1920,1920,25.00,1,241
09:01:23,1915,1920,1920,25.00,1,242
09:01:24,1915,1920,1920,25.00,5,247
09:01:27,1915,1920,1920,25.00,1,248
09:01:28,1915,1920,1920,25.00,1,249
09:01:30,1915,1920,1915,20.00,4,253
09:01:30,1915,1920,1915,20.00,14,267
09:01:30,1915,1920,1915,20.00,1,268
09:01:30,1915,1920,1915,20.00,2,270
09:01:30,1915,1920,1915,20.00,2,272
09:01:30,1915,1920,1915,20.00,2,274
09:01:30,1915,1920,1915,20.00,1,275
09:01:32,1910,1915,1910,15.00,1,276
09:01:32,1910,1915,1910,15.00,1,277
09:01:41,1910,1915,1910,15.00,1,278
09:01:41,1910,1915,1915,20.00,1,279
09:01:48,1910,1915,1915,20.00,1,280
09:01:48,1910,1915,1915,20.00,1,281
09:01:48,1910,1915,1915,20.00,1,282
09:01:53,1910,1915,1915,20.00,1,283
09:01:55,1910,1915,1915,20.00,1,284
09:01:55,1910,1915,1910,15.00,1,285
09:01:55,1910,1915,1915,20.00,1,286
09:01:56,1910,1915,1915,20.00,1,287
09:01:56,1910,1915,1915,20.00,3,290
09:01:56,1915,1920,1920,25.00,1,291
09:01:57,1915,1920,1915,20.00,3,294
09:01:59,1915,1920,1915,20.00,1,295
09:02:00,1915,1920,1915,20.00,2,297
09:02:01,1910,1915,1915,20.00,1,298
09:02:02,1910,1915,1915,20.00,1,299
09:02:03,1910,1915,1915,20.00,1,300
09:02:03,1910,1915,1910,15.00,1,301
09:02:04,1910,1915,1915,20.00,1,302
09:02:08,1910,1915,1915,20.00,2,304
09:02:08,1910,1915,1915,20.00,1,305
09:02:09,1910,1915,1915,20.00,1,306
09:02:10,1910,1915,1915,20.00,1,307
09:02:11,1910,1915,1915,20.00,1,308
09:02:11,1910,1915,1915,20.00,2,310
09:02:14,1910,1915,1915,20.00,1,311
09:02:17,1910,1915,1915,20.00,1,312
09:02:20,1910,1915,1915,20.00,1,313
09:02:52,1915,1920,1920,25.00,1,314
09:02:59,1915,1920,1920,25.00,1,315
09:03:02,1915,1920,1920,25.00,1,316
09:03:02,1915,1920,1920,25.00,1,317
09:03:02,1915,1920,1920,25.00,1,318
09:03:03,1915,1920,1920,25.00,1,319
09:03:04,1915,1920,1920,25.00,1,320
09:03:05,1915,1920,1920,25.00,4,324
09:03:05,1915,1920,1920,25.00,4,328
09:03:05,1915,1920,1920,25.00,3,331
09:03:05,1915,1920,1920,25.00,5,336
09:03:09,1920,1925,1920,25.00,1,337
09:03:12,1920,1925,1925,30.00,1,338
09:03:13,1920,1925,1920,25.00,1,339
09:03:20,1920,1925,1920,25.00,1,340
09:03:32,1920,1925,1925,30.00,1,341
09:03:57,1920,1925,1925,30.00,1,342
09:04:00,1920,1925,1925,30.00,1,343
09:04:05,1920,1925,1925,30.00,1,344
09:04:14,1920,1925,1920,25.00,1,345
09:04:15,1920,1925,1925,30.00,1,346
09:04:17,1920,1925,1920,25.00,1,347
09:04:23,1920,1925,1920,25.00,9,356
09:04:23,1920,1925,1920,25.00,2,358
09:04:23,1920,1925,1920,25.00,20,378
09:04:24,1915,1920,1920,25.00,1,379
09:04:26,1915,1920,1915,20.00,1,380
09:04:32,1915,1920,1915,20.00,1,381
09:04:34,1915,1920,1920,25.00,1,382
09:04:34,1915,1920,1915,20.00,1,383
09:04:34,1915,1920,1915,20.00,1,384
09:04:34,1915,1920,1915,20.00,1,385
09:04:34,1915,1920,1915,20.00,1,386
09:04:39,1915,1920,1915,20.00,1,387
09:04:40,1915,1920,1915,20.00,1,388
09:04:41,1915,1920,1915,20.00,18,406
09:04:41,1910,1915,1910,15.00,1,407
09:04:41,1910,1915,1910,15.00,1,408
09:04:42,1910,1915,1910,15.00,1,409
09:04:42,1910,1915,1915,20.00,2,411
09:04:42,1910,1915,1915,20.00,1,412
09:04:46,1910,1915,1915,20.00,1,413
09:04:59,1910,1915,1910,15.00,1,414
09:05:06,1910,1915,1910,15.00,1,415
09:05:18,1910,1915,1910,15.00,11,426
09:05:30,1910,1915,1910,15.00,1,427
09:05:30,1910,1915,1910,15.00,1,428
09:05:32,1910,1915,1910,15.00,1,429
09:05:32,1910,1915,1910,15.00,1,430
09:05:32,1910,1915,1910,15.00,2,432
09:05:32,1910,1915,1910,15.00,1,433
09:05:32,1910,1915,1910,15.00,2,435
09:05:32,1910,1915,1910,15.00,3,438
09:05:32,1910,1915,1910,15.00,1,439
09:05:32,1910,1915,1910,15.00,2,441
09:05:32,1910,1915,1910,15.00,2,443
09:05:32,1910,1915,1910,15.00,1,444
09:05:32,1910,1915,1910,15.00,3,447
09:05:32,1910,1915,1910,15.00,2,449
09:05:32,1910,1915,1910,15.00,3,452
09:05:32,1910,1915,1910,15.00,2,454
09:05:32,1910,1915,1910,15.00,1,455
09:05:32,1910,1915,1910,15.00,2,457
09:05:32,1910,1915,1910,15.00,1,458
09:05:32,1910,1915,1910,15.00,1,459
09:05:32,1910,1915,1910,15.00,6,465
09:05:38,1905,1910,1905,10.00,1,466
09:05:43,1905,1910,1905,10.00,1,467
09:05:43,1905,1910,1905,10.00,2,469
09:05:43,1905,1910,1905,10.00,1,470
09:05:45,1905,1910,1905,10.00,1,471
09:05:49,1905,1910,1905,10.00,1,472
09:05:49,1905,1910,1910,15.00,1,473
09:05:50,1905,1910,1905,10.00,2,475
09:05:52,1905,1910,1910,15.00,1,476
09:05:56,1905,1910,1910,15.00,1,477
09:05:58,1905,1910,1910,15.00,1,478
09:06:00,1905,1910,1910,15.00,1,479
09:06:00,1905,1910,1910,15.00,1,480
09:06:00,1905,1910,1910,15.00,1,481
09:06:04,1905,1910,1910,15.00,1,482
09:06:04,1905,1910,1910,15.00,4,486
09:06:09,1910,1915,1910,15.00,1,487
09:06:15,1910,1915,1910,15.00,1,488
09:06:19,1910,1915,1910,15.00,1,489
09:06:24,1910,1915,1910,15.00,2,491
09:06:24,1910,1915,1910,15.00,4,495
09:06:25,1910,1915,1910,15.00,1,496
09:06:26,1910,1915,1910,15.00,1,497
09:06:27,1905,1915,1910,15.00,1,498
09:06:32,1910,1915,1910,15.00,1,499
09:06:32,1910,1915,1910,15.00,2,501
09:06:35,1905,1915,1910,15.00,1,502
09:06:40,1905,1915,1910,15.00,1,503
09:06:45,1910,1915,1910,15.00,1,504
09:06:46,1905,1915,1910,15.00,1,505
09:06:47,1905,1910,1910,15.00,1,506
09:06:47,1910,1915,1910,15.00,1,507
09:06:49,1905,1910,1910,15.00,1,508
09:06:49,1910,1915,1910,15.00,1,509
09:06:51,1905,1910,1910,15.00,2,511
09:06:55,1905,1910,1910,15.00,2,513
09:07:00,1905,1910,1910,15.00,6,519
09:07:04,1905,1910,1910,15.00,2,521
09:07:07,1910,1915,1910,15.00,1,522
09:07:13,1910,1915,1910,15.00,1,523
09:07:14,1910,1915,1910,15.00,1,524
09:07:20,1905,1910,1910,15.00,2,526
09:07:22,1905,1910,1910,15.00,1,527
09:07:24,1905,1910,1910,15.00,4,531
09:07:33,1910,1915,1910,15.00,2,533
09:07:36,1910,1915,1910,15.00,3,536
09:07:37,1905,1910,1910,15.00,1,537
09:07:40,1905,1910,1910,15.00,1,538
09:07:51,1905,1910,1910,15.00,10,548
09:07:54,1905,1910,1910,15.00,1,549
09:07:56,1905,1910,1910,15.00,1,550
09:07:57,1910,1915,1910,15.00,3,553
09:08:07,1910,1915,1915,20.00,1,554
09:08:12,1910,1915,1915,20.00,1,555
09:08:14,1910,1915,1915,20.00,1,556
09:08:20,1910,1915,1915,20.00,1,557
09:08:32,1910,1915,1915,20.00,1,558
09:08:36,1910,1915,1915,20.00,1,559
09:09:03,1910,1915,1915,20.00,1,560
09:09:06,1910,1915,1915,20.00,4,564
09:09:07,1910,1915,1915,20.00,1,565
09:09:08,1910,1915,1915,20.00,1,566
09:09:09,1910,1915,1915,20.00,1,567
09:09:10,1910,1915,1915,20.00,1,568
09:09:11,1910,1915,1915,20.00,1,569
09:09:12,1910,1915,1915,20.00,1,570
09:09:13,1910,1915,1915,20.00,1,571
09:09:37,1910,1915,1915,20.00,1,572
09:09:38,1910,1915,1915,20.00,1,573
09:09:40,1910,1915,1915,20.00,2,575
09:09:49,1910,1915,1915,20.00,1,576
09:09:52,1910,1915,1915,20.00,1,577
09:09:53,1910,1915,1915,20.00,1,578
09:09:53,1910,1915,1915,20.00,1,579
09:10:02,1910,1915,1915,20.00,1,580
09:10:05,1910,1915,1915,20.00,1,581
09:10:06,1910,1915,1915,20.00,1,582
09:10:07,1910,1920,1915,20.00,1,583
09:10:10,1910,1920,1910,15.00,1,584
09:10:25,1910,1915,1910,15.00,1,585
09:10:30,1910,1915,1910,15.00,1,586
09:10:47,1910,1915,1910,15.00,1,587
09:10:51,1910,1915,1910,15.00,1,588
09:11:01,1910,1915,1910,15.00,1,589
09:11:03,1910,1915,1910,15.00,1,590
09:11:07,1910,1915,1910,15.00,1,591
09:11:09,1910,1915,1910,15.00,1,592
09:11:11,1910,1915,1910,15.00,1,593
09:11:24,1910,1915,1910,15.00,3,596
09:11:27,1910,1915,1910,15.00,1,597
09:11:27,1910,1915,1910,15.00,10,607
09:11:27,1910,1915,1910,15.00,6,613
09:11:28,1905,1915,1905,10.00,1,614
09:11:28,1905,1915,1905,10.00,1,615
09:12:12,1905,1910,1910,15.00,1,616
09:12:24,1905,1910,1910,15.00,1,617
09:12:33,1905,1910,1910,15.00,1,618
09:12:35,1905,1910,1910,15.00,1,619
09:12:39,1905,1910,1910,15.00,1,620
09:13:13,1905,1910,1910,15.00,1,621
09:13:26,1905,1910,1910,15.00,1,622
09:13:33,1905,1910,1910,15.00,1,623
09:13:38,1905,1910,1910,15.00,2,625
09:13:40,1905,1910,1910,15.00,1,626
09:13:47,1905,1910,1910,15.00,1,627
09:13:52,1905,1910,1910,15.00,1,628
09:13:56,1905,1910,1910,15.00,1,629
09:14:00,1905,1910,1910,15.00,1,630
09:14:01,1905,1910,1910,15.00,1,631
09:14:04,1905,1910,1910,15.00,1,632
09:14:09,1905,1910,1910,15.00,1,633
09:14:10,1905,1910,1910,15.00,1,634
09:14:10,1905,1910,1910,15.00,1,635
09:14:12,1905,1910,1910,15.00,1,636
09:14:15,1905,1910,1910,15.00,1,637
09:14:19,1905,1910,1910,15.00,1,638
09:14:25,1905,1915,1910,15.00,1,639
09:14:25,1905,1915,1905,10.00,2,641
09:14:49,1905,1910,1905,10.00,43,684
09:14:49,1900,1905,1900,5.00,10,694
09:14:49,1900,1905,1900,5.00,1,695
09:14:49,1900,1905,1900,5.00,2,697
09:14:50,1900,1905,1900,5.00,3,700
09:14:50,1900,1905,1900,5.00,3,703
09:14:50,1900,1905,1900,5.00,1,704
09:15:01,1895,1900,1895,0.00,1,705
09:15:01,1895,1900,1895,0.00,1,706
09:15:02,1895,1900,1895,0.00,2,708
09:15:05,1895,1900,1895,0.00,1,709
09:15:07,1895,1900,1895,0.00,2,711
09:15:07,1895,1900,1895,0.00,1,712
09:15:07,1895,1900,1895,0.00,3,715
09:15:09,1895,1900,1895,0.00,1,716
09:15:09,1895,1900,1895,0.00,1,717
09:15:10,1895,1900,1895,0.00,2,719
09:15:10,1895,1900,1895,0.00,1,720
09:15:11,1895,1900,1895,0.00,1,721
09:15:11,1890,1895,1895,0.00,1,722
09:15:12,1890,1895,1895,0.00,1,723
09:15:17,1890,1895,1890,-5.00,10,733
09:15:18,1890,1895,1890,-5.00,7,740
09:15:29,1885,1890,1885,-10.00,1,741
09:15:29,1885,1890,1885,-10.00,1,742
09:15:32,1885,1890,1885,-10.00,1,743
09:15:33,1885,1890,1885,-10.00,1,744
09:15:33,1885,1890,1885,-10.00,1,745
09:15:36,1885,1890,1885,-10.00,1,746
09:15:40,1885,1890,1885,-10.00,1,747
09:15:42,1885,1890,1885,-10.00,3,750
09:15:42,1885,1890,1885,-10.00,1,751
09:15:43,1885,1890,1885,-10.00,1,752
09:15:43,1885,1890,1885,-10.00,1,753
09:15:45,1885,1890,1885,-10.00,1,754
09:15:47,1885,1890,1885,-10.00,1,755
09:15:48,1885,1890,1885,-10.00,3,758
09:15:52,1880,1885,1885,-10.00,1,759
09:15:53,1880,1885,1885,-10.00,1,760
09:15:56,1880,1885,1885,-10.00,1,761
09:15:57,1880,1885,1880,-15.00,15,776
09:15:58,1880,1885,1885,-10.00,1,777
09:16:04,1880,1885,1885,-10.00,1,778
09:16:05,1880,1885,1880,-15.00,1,779
09:16:05,1880,1885,1880,-15.00,1,780
09:16:05,1880,1885,1880,-15.00,1,781
09:16:06,1880,1885,1885,-10.00,1,782
09:16:07,1880,1885,1885,-10.00,1,783
09:16:08,1880,1885,1880,-15.00,1,784
09:16:08,1880,1885,1885,-10.00,1,785
09:16:08,1880,1885,1885,-10.00,1,786
09:16:08,1880,1885,1880,-15.00,5,791
09:16:10,1875,1880,1880,-15.00,1,792
09:16:10,1875,1880,1880,-15.00,1,793
09:16:15,1875,1880,1880,-15.00,1,794
09:16:23,1875,1880,1875,-20.00,1,795
09:16:23,1875,1880,1875,-20.00,2,797
09:16:23,1875,1880,1875,-20.00,2,799
09:16:23,1875,1880,1875,-20.00,1,800
09:16:24,1875,1880,1875,-20.00,1,801
09:16:25,1870,1880,1870,-25.00,1,802
09:16:30,1875,1880,1875,-20.00,1,803
09:16:30,1875,1880,1875,-20.00,1,804
09:16:32,1870,1875,1875,-20.00,1,805
09:16:32,1870,1875,1875,-20.00,1,806
09:16:33,1870,1875,1875,-20.00,2,808
09:16:33,1870,1880,1875,-20.00,1,809
09:16:36,1875,1880,1875,-20.00,6,815
09:16:36,1870,1875,1875,-20.00,2,817
09:16:36,1870,1880,1875,-20.00,1,818
09:16:36,1870,1875,1875,-20.00,1,819
09:16:36,1870,1880,1875,-20.00,1,820
09:16:38,1870,1880,1875,-20.00,1,821
09:16:38,1870,1880,1875,-20.00,1,822
09:16:42,1875,1880,1875,-20.00,1,823
09:16:43,1875,1880,1875,-20.00,1,824
09:16:47,1875,1880,1875,-20.00,1,825
09:16:49,1875,1880,1875,-20.00,1,826
09:16:54,1875,1880,1875,-20.00,1,827
09:16:55,1875,1880,1875,-20.00,1,828
09:16:58,1875,1880,1880,-15.00,1,829
09:17:01,1875,1880,1875,-20.00,1,830
09:17:11,1875,1880,1875,-20.00,1,831
09:17:14,1875,1880,1880,-15.00,1,832
09:17:14,1875,1880,1880,-15.00,1,833
09:17:14,1875,1880,1880,-15.00,2,835
09:17:14,1875,1880,1880,-15.00,8,843
09:17:18,1880,1890,1880,-15.00,1,844
09:17:26,1880,1890,1885,-10.00,1,845
09:17:30,1885,1890,1885,-10.00,1,846
09:17:34,1885,1890,1885,-10.00,2,848
09:17:34,1885,1890,1885,-10.00,1,849
09:17:44,1880,1885,1885,-10.00,1,850
09:17:51,1880,1885,1885,-10.00,2,852
09:17:52,1880,1885,1885,-10.00,1,853
09:17:54,1880,1885,1885,-10.00,1,854
09:17:56,1880,1890,1890,-5.00,1,855
09:18:01,1885,1890,1890,-5.00,1,856
09:18:04,1885,1890,1890,-5.00,1,857
09:18:04,1885,1890,1890,-5.00,1,858
09:18:07,1885,1890,1890,-5.00,1,859
09:18:09,1885,1890,1890,-5.00,3,862
09:18:10,1890,1895,1890,-5.00,1,863
09:18:12,1890,1895,1890,-5.00,1,864
09:18:16,1890,1895,1890,-5.00,1,865
09:18:29,1890,1895,1890,-5.00,1,866
09:18:30,1890,1895,1890,-5.00,1,867
09:18:30,1890,1895,1890,-5.00,8,875
09:18:30,1890,1895,1890,-5.00,3,878
09:18:30,1890,1895,1890,-5.00,2,880
09:18:30,1885,1895,1890,-5.00,2,882
09:18:30,1885,1890,1890,-5.00,1,883
09:18:31,1890,1895,1890,-5.00,1,884
09:18:31,1890,1895,1890,-5.00,1,885
09:18:31,1885,1895,1890,-5.00,2,887
09:18:32,1890,1895,1890,-5.00,2,889
09:18:32,1885,1890,1890,-5.00,1,890
09:18:33,1890,1895,1890,-5.00,1,891
09:18:33,1890,1895,1890,-5.00,1,892
09:18:34,1890,1895,1895,0.00,1,893
09:18:35,1890,1895,1890,-5.00,1,894
09:18:39,1890,1895,1890,-5.00,2,896
09:18:39,1885,1890,1890,-5.00,2,898
09:18:45,1890,1895,1890,-5.00,1,899
09:18:45,1890,1895,1890,-5.00,4,903
09:18:48,1890,1895,1890,-5.00,1,904
09:18:48,1890,1895,1890,-5.00,1,905
09:18:52,1890,1895,1890,-5.00,1,906
09:18:56,1885,1890,1890,-5.00,1,907
09:19:06,1885,1890,1890,-5.00,1,908
09:19:06,1885,1890,1890,-5.00,1,909
09:19:17,1885,1890,1890,-5.00,1,910
09:19:17,1885,1890,1890,-5.00,1,911
09:19:27,1885,1890,1890,-5.00,1,912
09:19:28,1885,1890,1890,-5.00,1,913
09:20:00,1890,1895,1890,-5.00,1,914
09:20:02,1890,1895,1890,-5.00,1,915
09:20:05,1890,1895,1890,-5.00,2,917
09:20:05,1890,1895,1890,-5.00,1,918
09:20:05,1890,1895,1890,-5.00,1,919
09:20:05,1890,1895,1890,-5.00,1,920
09:20:05,1885,1895,1885,-10.00,1,921
09:20:10,1885,1890,1890,-5.00,1,922
09:20:18,1885,1890,1890,-5.00,1,923
09:20:25,1885,1890,1890,-5.00,1,924
09:20:29,1885,1890,1890,-5.00,1,925
09:20:57,1885,1890,1890,-5.00,1,926
09:20:58,1885,1890,1890,-5.00,1,927
09:21:01,1885,1890,1890,-5.00,1,928
09:21:22,1885,1890,1890,-5.00,2,930
09:21:23,1885,1890,1890,-5.00,1,931
09:21:27,1885,1890,1890,-5.00,1,932
09:21:27,1885,1890,1890,-5.00,1,933
09:21:32,1885,1890,1890,-5.00,1,934
09:21:33,1885,1895,1895,0.00,1,935
09:21:43,1890,1895,1895,0.00,1,936
09:21:46,1890,1895,1890,-5.00,1,937
09:22:01,1890,1895,1890,-5.00,1,938
09:22:15,1890,1895,1895,0.00,1,939
09:22:20,1890,1895,1895,0.00,1,940
09:22:21,1890,1895,1895,0.00,1,941
09:22:25,1890,1895,1895,0.00,1,942
09:22:45,1890,1895,1895,0.00,1,943
09:23:11,1890,1895,1895,0.00,1,944
09:23:11,1890,1895,1890,-5.00,1,945
09:23:19,1890,1895,1890,-5.00,5,950
09:23:22,1890,1895,1890,-5.00,1,951
09:23:23,1890,1895,1890,-5.00,1,952
09:23:26,1890,1895,1890,-5.00,5,957
09:23:27,1885,1890,1890,-5.00,1,958
09:23:32,1885,1890,1885,-10.00,3,961
09:23:32,1885,1890,1885,-10.00,1,962
09:23:32,1885,1890,1885,-10.00,14,976
09:23:32,1885,1890,1885,-10.00,2,978
09:23:35,1880,1885,1880,-15.00,11,989
09:23:35,1880,1885,1880,-15.00,2,991
09:23:35,1880,1885,1880,-15.00,2,993
09:23:35,1880,1885,1880,-15.00,2,995
09:23:35,1880,1885,1880,-15.00,1,996
09:23:35,1880,1885,1880,-15.00,5,1001
09:23:37,1875,1885,1875,-20.00,1,1002
09:23:44,1875,1880,1880,-15.00,3,1005
09:23:48,1875,1885,1880,-15.00,1,1006
09:23:56,1875,1880,1880,-15.00,1,1007
09:24:01,1880,1885,1880,-15.00,1,1008
09:24:05,1880,1885,1885,-10.00,1,1009
09:24:32,1880,1885,1885,-10.00,1,1010
09:24:38,1880,1885,1885,-10.00,2,1012
09:25:10,1880,1885,1880,-15.00,1,1013
09:25:10,1880,1885,1880,-15.00,1,1014
09:25:10,1880,1885,1880,-15.00,1,1015
09:25:26,1880,1885,1885,-10.00,1,1016
09:25:37,1880,1885,1880,-15.00,1,1017
09:25:40,1880,1885,1885,-10.00,1,1018
09:25:48,1880,1885,1880,-15.00,1,1019
09:26:25,1880,1885,1880,-15.00,1,1020
09:26:29,1880,1885,1880,-15.00,2,1022
09:26:33,1880,1885,1880,-15.00,1,1023
09:26:33,1880,1885,1880,-15.00,1,1024
09:26:38,1880,1885,1880,-15.00,1,1025
09:26:38,1880,1885,1880,-15.00,1,1026
09:26:41,1880,1885,1880,-15.00,1,1027
09:26:41,1880,1885,1880,-15.00,2,1029
09:26:41,1880,1885,1880,-15.00,1,1030
09:26:43,1880,1885,1880,-15.00,1,1031
09:26:43,1880,1885,1880,-15.00,1,1032
09:26:45,1880,1885,1880,-15.00,1,1033
09:26:45,1880,1885,1880,-15.00,1,1034
09:26:48,1880,1885,1880,-15.00,1,1035
09:26:48,1880,1885,1880,-15.00,1,1036
09:26:49,1880,1885,1880,-15.00,1,1037
09:26:49,1880,1885,1880,-15.00,1,1038
09:26:49,1875,1885,1880,-15.00,1,1039
09:26:52,1875,1880,1880,-15.00,1,1040
09:27:03,1875,1880,1880,-15.00,1,1041
09:27:03,1875,1880,1875,-20.00,10,1051
09:27:04,1875,1880,1875,-20.00,1,1052
09:27:20,1875,1880,1875,-20.00,1,1053
09:27:35,1875,1880,1875,-20.00,2,1055
09:27:37,1875,1880,1875,-20.00,1,1056
09:27:46,1875,1880,1875,-20.00,1,1057
09:27:47,1875,1880,1875,-20.00,1,1058
09:27:47,1875,1880,1875,-20.00,1,1059
09:27:50,1875,1880,1875,-20.00,1,1060
09:27:58,1875,1880,1880,-15.00,1,1061
09:28:03,1875,1880,1880,-15.00,1,1062
09:28:03,1875,1880,1875,-20.00,1,1063
09:28:17,1875,1880,1875,-20.00,1,1064
09:28:17,1875,1880,1880,-15.00,1,1065
09:28:28,1875,1880,1880,-15.00,1,1066
09:28:31,1875,1880,1880,-15.00,1,1067
09:28:33,1875,1880,1875,-20.00,1,1068
09:28:33,1875,1880,1875,-20.00,1,1069
09:29:03,1875,1880,1880,-15.00,6,1075
09:29:03,1875,1880,1880,-15.00,2,1077
09:29:03,1875,1880,1880,-15.00,4,1081
09:29:03,1875,1880,1880,-15.00,2,1083
09:29:03,1875,1885,1880,-15.00,1,1084
09:29:14,1880,1885,1880,-15.00,1,1085
09:29:16,1880,1885,1880,-15.00,1,1086
09:29:16,1875,1885,1875,-20.00,1,1087
09:29:35,1875,1880,1880,-15.00,1,1088
09:29:37,1875,1880,1880,-15.00,1,1089
09:29:47,1880,1885,1880,-15.00,1,1090
09:29:47,1880,1885,1880,-15.00,1,1091
09:29:59,1880,1885,1880,-15.00,1,1092
09:30:01,1880,1885,1885,-10.00,5,1097
09:30:03,1880,1885,1885,-10.00,1,1098
09:30:06,1880,1885,1885,-10.00,1,1099
09:30:13,1880,1885,1885,-10.00,1,1100
09:30:17,1880,1885,1885,-10.00,2,1102
09:30:19,1880,1885,1885,-10.00,1,1103
09:30:21,1880,1885,1885,-10.00,1,1104
09:30:33,1880,1885,1885,-10.00,1,1105
09:30:36,1880,1885,1885,-10.00,1,1106
09:30:38,1880,1890,1880,-15.00,1,1107
09:30:46,1880,1890,1885,-10.00,1,1108
09:30:53,1880,1885,1885,-10.00,1,1109
09:30:57,1880,1885,1885,-10.00,1,1110
09:30:58,1880,1885,1885,-10.00,1,1111
09:32:27,1885,1890,1890,-5.00,2,1113
09:32:35,1885,1890,1890,-5.00,1,1114
09:33:03,1885,1890,1890,-5.00,1,1115
09:33:03,1885,1890,1890,-5.00,1,1116
09:33:06,1885,1890,1890,-5.00,10,1126
09:33:09,1885,1890,1890,-5.00,1,1127
09:33:09,1885,1890,1890,-5.00,1,1128
09:33:11,1885,1890,1890,-5.00,1,1129
09:33:12,1885,1895,1890,-5.00,1,1130
09:33:12,1885,1895,1890,-5.00,1,1131
09:33:18,1885,1895,1890,-5.00,1,1132
09:33:28,1885,1890,1890,-5.00,1,1133
09:33:44,1885,1890,1890,-5.00,1,1134
09:34:00,1885,1895,1895,0.00,5,1139
09:34:10,1890,1895,1895,0.00,1,1140
09:34:16,1890,1895,1895,0.00,1,1141
09:34:22,1890,1895,1895,0.00,1,1142
09:34:25,1890,1895,1895,0.00,1,1143
09:34:28,1890,1895,1895,0.00,1,1144
09:34:39,1890,1895,1895,0.00,1,1145
09:34:41,1890,1895,1895,0.00,1,1146
09:34:44,1890,1895,1895,0.00,3,1149
09:34:46,1890,1895,1895,0.00,1,1150
09:34:50,1890,1895,1895,0.00,1,1151
09:34:50,1890,1895,1895,0.00,1,1152
09:34:55,1890,1895,1895,0.00,1,1153
09:35:01,1890,1895,1895,0.00,1,1154
09:35:01,1890,1895,1895,0.00,1,1155
09:35:15,1890,1895,1895,0.00,1,1156
09:35:23,1895,1900,1895,0.00,1,1157
09:35:32,1895,1900,1895,0.00,1,1158
09:35:34,1895,1900,1895,0.00,1,1159
09:35:49,1895,1900,1900,5.00,1,1160
09:35:55,1895,1900,1900,5.00,1,1161
09:35:56,1895,1900,1900,5.00,1,1162
09:35:59,1895,1900,1900,5.00,1,1163
09:36:23,1895,1900,1900,5.00,8,1171
09:36:34,1895,1900,1900,5.00,1,1172
09:36:37,1895,1900,1895,0.00,10,1182
09:36:37,1895,1900,1895,0.00,2,1184
09:36:38,1895,1900,1900,5.00,2,1186
09:36:50,1890,1900,1895,0.00,1,1187
09:36:57,1890,1900,1890,-5.00,1,1188
09:37:03,1890,1895,1895,0.00,1,1189
09:37:07,1890,1895,1895,0.00,2,1191
09:37:11,1890,1895,1890,-5.00,1,1192
09:39:20,1890,1895,1895,0.00,1,1193
09:39:42,1890,1895,1895,0.00,1,1194
09:39:47,1890,1895,1890,-5.00,1,1195
09:40:44,1890,1895,1895,0.00,1,1196
09:41:27,1890,1895,1895,0.00,1,1197
09:41:55,1890,1895,1895,0.00,1,1198
09:41:59,1890,1895,1895,0.00,1,1199
09:43:36,1890,1895,1890,-5.00,5,1204
09:43:36,1890,1895,1890,-5.00,5,1209
09:43:36,1890,1895,1890,-5.00,1,1210
09:43:37,1890,1895,1890,-5.00,1,1211
09:43:39,1890,1895,1890,-5.00,8,1219
09:43:39,1890,1895,1890,-5.00,2,1221
09:43:46,1885,1890,1890,-5.00,2,1223
09:44:21,1885,1890,1885,-10.00,3,1226
09:44:21,1885,1890,1885,-10.00,1,1227
09:44:31,1885,1890,1885,-10.00,2,1229
09:44:42,1885,1890,1885,-10.00,2,1231
09:45:04,1885,1890,1885,-10.00,1,1232
09:46:40,1885,1890,1885,-10.00,10,1242
09:46:41,1885,1890,1885,-10.00,1,1243
09:46:44,1885,1890,1885,-10.00,1,1244
09:46:51,1885,1890,1885,-10.00,4,1248
09:47:00,1885,1890,1885,-10.00,1,1249
09:47:04,1885,1890,1885,-10.00,1,1250
09:47:04,1885,1890,1885,-10.00,2,1252
09:47:22,1880,1885,1880,-15.00,1,1253
09:47:30,1880,1885,1880,-15.00,4,1257
09:47:31,1880,1885,1880,-15.00,1,1258
09:47:31,1880,1885,1880,-15.00,1,1259
09:47:31,1880,1885,1880,-15.00,1,1260
09:47:31,1880,1885,1880,-15.00,1,1261
09:47:31,1880,1885,1880,-15.00,1,1262
09:47:31,1880,1885,1880,-15.00,1,1263
09:47:31,1880,1885,1880,-15.00,1,1264
09:47:31,1880,1885,1880,-15.00,1,1265
09:47:31,1880,1885,1880,-15.00,1,1266
09:47:31,1880,1885,1880,-15.00,1,1267
09:47:31,1880,1885,1880,-15.00,1,1268
09:47:31,1880,1885,1880,-15.00,1,1269
09:47:31,1880,1885,1880,-15.00,1,1270
09:47:31,1880,1885,1880,-15.00,1,1271
09:47:31,1880,1885,1880,-15.00,1,1272
09:47:31,1880,1885,1880,-15.00,1,1273
09:47:33,1875,1880,1880,-15.00,1,1274
09:47:53,1875,1880,1875,-20.00,1,1275
09:48:02,1875,1880,1875,-20.00,31,1306
09:48:03,1875,1880,1875,-20.00,1,1307
09:48:03,1870,1875,1870,-25.00,1,1308
09:48:03,1870,1875,1870,-25.00,2,1310
09:48:03,1870,1875,1870,-25.00,2,1312
09:48:03,1870,1875,1870,-25.00,2,1314
09:48:03,1870,1875,1870,-25.00,1,1315
09:48:03,1870,1875,1870,-25.00,1,1316
09:48:03,1870,1875,1875,-20.00,1,1317
09:48:11,1870,1875,1870,-25.00,1,1318
09:48:12,1870,1875,1870,-25.00,1,1319
09:48:17,1870,1875,1870,-25.00,1,1320
09:48:22,1870,1875,1870,-25.00,1,1321
09:48:22,1870,1875,1870,-25.00,1,1322
09:48:25,1870,1875,1870,-25.00,33,1355
09:48:25,1865,1870,1865,-30.00,1,1356
09:48:25,1865,1870,1865,-30.00,3,1359
09:48:25,1865,1870,1865,-30.00,1,1360
09:48:25,1865,1870,1865,-30.00,1,1361
09:48:25,1865,1870,1865,-30.00,1,1362
09:48:28,1865,1870,1865,-30.00,2,1364
09:48:28,1865,1870,1865,-30.00,1,1365
09:48:29,1865,1870,1865,-30.00,1,1366
09:48:29,1865,1870,1865,-30.00,2,1368
09:48:30,1865,1870,1865,-30.00,3,1371
09:48:31,1865,1870,1865,-30.00,1,1372
09:48:31,1865,1870,1865,-30.00,3,1375
09:48:32,1860,1870,1860,-35.00,2,1377
09:48:33,1860,1865,1865,-30.00,1,1378
09:48:34,1860,1865,1860,-35.00,1,1379
09:48:34,1860,1865,1860,-35.00,1,1380
09:48:36,1860,1865,1865,-30.00,1,1381
09:48:39,1860,1865,1860,-35.00,2,1383
09:48:43,1860,1865,1860,-35.00,5,1388
09:48:45,1860,1865,1860,-35.00,1,1389
09:48:45,1860,1865,1860,-35.00,1,1390
09:48:47,1860,1865,1860,-35.00,2,1392
09:48:48,1860,1865,1860,-35.00,1,1393
09:48:49,1860,1865,1860,-35.00,3,1396
09:48:51,1860,1865,1860,-35.00,1,1397
09:48:52,1860,1865,1860,-35.00,1,1398
09:48:54,1860,1865,1860,-35.00,1,1399
09:48:55,1860,1865,1860,-35.00,1,1400
09:48:56,1860,1865,1860,-35.00,1,1401
09:48:56,1860,1865,1860,-35.00,1,1402
09:48:57,1860,1865,1860,-35.00,1,1403
09:49:00,1860,1865,1860,-35.00,1,1404
09:49:00,1860,1865,1860,-35.00,1,1405
09:49:00,1860,1865,1860,-35.00,1,1406
09:49:00,1860,1865,1860,-35.00,1,1407
09:49:00,1860,1865,1860,-35.00,1,1408
09:49:00,1860,1865,1860,-35.00,1,1409
09:49:00,1860,1865,1860,-35.00,1,1410
09:49:01,1860,1865,1860,-35.00,1,1411
09:49:02,1860,1865,1860,-35.00,1,1412
09:49:03,1860,1865,1860,-35.00,2,1414
09:49:03,1860,1865,1860,-35.00,1,1415
09:49:03,1855,1865,1860,-35.00,1,1416
09:49:05,1860,1865,1860,-35.00,7,1423
09:49:06,1860,1865,1860,-35.00,1,1424
09:49:11,1860,1865,1860,-35.00,1,1425
09:49:16,1860,1865,1865,-30.00,7,1432
09:49:16,1860,1865,1865,-30.00,1,1433
09:49:17,1865,1870,1865,-30.00,1,1434
09:49:20,1865,1870,1870,-25.00,7,1441
09:49:23,1870,1875,1870,-25.00,1,1442
09:49:24,1865,1875,1870,-25.00,2,1444
09:49:39,1870,1875,1870,-25.00,1,1445
09:50:00,1870,1875,1875,-20.00,1,1446
09:50:03,1870,1875,1875,-20.00,1,1447
09:50:06,1870,1875,1870,-25.00,1,1448
09:50:13,1870,1875,1875,-20.00,1,1449
09:50:17,1870,1875,1875,-20.00,7,1456
09:50:30,1875,1880,1875,-20.00,2,1458
09:50:30,1875,1880,1875,-20.00,1,1459
09:50:36,1875,1880,1880,-15.00,1,1460
09:50:58,1875,1880,1880,-15.00,4,1464
09:50:58,1880,1885,1880,-15.00,1,1465
09:51:00,1875,1885,1875,-20.00,1,1466
09:51:07,1875,1880,1880,-15.00,1,1467
09:51:15,1875,1880,1880,-15.00,1,1468
09:51:25,1880,1885,1880,-15.00,3,1471
09:52:01,1880,1885,1880,-15.00,1,1472
09:52:45,1880,1885,1880,-15.00,1,1473
09:53:03,1880,1885,1880,-15.00,1,1474
09:53:26,1880,1885,1880,-15.00,2,1476
09:53:30,1880,1885,1880,-15.00,9,1485
09:53:30,1880,1885,1880,-15.00,2,1487
09:53:49,1875,1880,1880,-15.00,1,1488
09:53:59,1875,1880,1875,-20.00,1,1489
09:54:02,1875,1880,1875,-20.00,1,1490
09:54:10,1875,1880,1875,-20.00,1,1491
09:54:29,1875,1880,1875,-20.00,1,1492
09:54:41,1875,1880,1875,-20.00,1,1493
09:54:42,1875,1880,1875,-20.00,1,1494
09:54:43,1875,1880,1875,-20.00,1,1495
09:54:43,1875,1880,1875,-20.00,1,1496
09:54:45,1875,1880,1875,-20.00,1,1497
09:54:46,1875,1880,1875,-20.00,1,1498
09:54:46,1875,1880,1875,-20.00,7,1505
09:54:46,1875,1880,1875,-20.00,1,1506
09:55:05,1870,1875,1870,-25.00,1,1507
09:55:24,1870,1875,1870,-25.00,1,1508
09:55:24,1870,1875,1870,-25.00,1,1509
09:55:33,1870,1875,1870,-25.00,1,1510
09:56:16,1870,1875,1870,-25.00,1,1511
09:56:19,1870,1875,1870,-25.00,1,1512
09:56:23,1870,1875,1870,-25.00,2,1514
09:56:23,1870,1875,1870,-25.00,1,1515
09:56:47,1870,1875,1870,-25.00,1,1516
09:56:51,1870,1875,1870,-25.00,1,1517
09:58:23,1870,1875,1870,-25.00,1,1518
09:58:30,1870,1875,1870,-25.00,1,1519
09:58:36,1870,1875,1870,-25.00,1,1520
09:58:42,1870,1875,1870,-25.00,2,1522
09:58:43,1870,1875,1870,-25.00,7,1529
09:58:43,1865,1870,1865,-30.00,1,1530
09:59:38,1865,1870,1865,-30.00,1,1531
09:59:40,1865,1870,1865,-30.00,1,1532
09:59:44,1865,1870,1865,-30.00,1,1533
09:59:45,1865,1870,1870,-25.00,1,1534
09:59:47,1865,1870,1865,-30.00,1,1535
10:01:17,1865,1870,1865,-30.00,1,1536
10:01:20,1865,1870,1870,-25.00,1,1537
10:01:36,1865,1870,1870,-25.00,1,1538
10:01:38,1865,1870,1865,-30.00,8,1546
10:01:38,1865,1870,1865,-30.00,6,1552
10:01:43,1860,1870,1860,-35.00,1,1553
10:01:43,1860,1870,1860,-35.00,2,1555
10:01:43,1860,1870,1860,-35.00,1,1556
10:01:46,1860,1865,1860,-35.00,1,1557
10:01:57,1860,1865,1860,-35.00,1,1558
10:01:57,1860,1865,1860,-35.00,1,1559
10:01:57,1860,1865,1860,-35.00,1,1560
10:02:03,1860,1865,1860,-35.00,1,1561
10:02:04,1860,1865,1860,-35.00,2,1563
10:02:05,1860,1865,1860,-35.00,8,1571
10:02:06,1860,1865,1860,-35.00,1,1572
10:02:08,1860,1865,1860,-35.00,1,1573
10:02:08,1860,1865,1860,-35.00,1,1574
10:02:09,1860,1865,1860,-35.00,2,1576
10:02:11,1860,1865,1860,-35.00,1,1577
10:02:12,1860,1865,1860,-35.00,1,1578
10:02:13,1860,1865,1860,-35.00,1,1579
10:02:14,1860,1865,1860,-35.00,1,1580
10:02:17,1860,1865,1860,-35.00,1,1581
10:02:18,1860,1865,1860,-35.00,1,1582
10:02:19,1860,1865,1860,-35.00,3,1585
10:02:20,1855,1860,1860,-35.00,10,1595
10:02:20,1855,1865,1855,-40.00,1,1596
10:02:25,1855,1860,1855,-40.00,1,1597
10:02:29,1855,1860,1860,-35.00,1,1598
10:02:35,1860,1865,1860,-35.00,1,1599
10:02:44,1855,1860,1860,-35.00,1,1600
10:02:45,1855,1860,1860,-35.00,1,1601
10:02:57,1860,1865,1860,-35.00,1,1602
10:04:07,1860,1865,1865,-30.00,1,1603
10:04:26,1860,1865,1860,-35.00,1,1604
10:04:38,1860,1865,1860,-35.00,2,1606
10:04:59,1860,1865,1860,-35.00,1,1607
10:05:01,1860,1865,1860,-35.00,1,1608
10:05:15,1860,1865,1860,-35.00,1,1609
10:05:59,1860,1865,1860,-35.00,1,1610
10:06:02,1860,1865,1860,-35.00,1,1611
10:06:18,1860,1865,1865,-30.00,2,1613
10:06:18,1860,1865,1865,-30.00,12,1625
10:06:18,1860,1865,1865,-30.00,5,1630
10:06:18,1860,1865,1865,-30.00,2,1632
10:06:18,1860,1865,1865,-30.00,4,1636
10:06:22,1865,1870,1865,-30.00,1,1637
10:06:26,1865,1870,1865,-30.00,1,1638
10:09:33,1865,1870,1870,-25.00,1,1639
10:10:06,1865,1870,1870,-25.00,1,1640
10:10:20,1865,1870,1870,-25.00,1,1641
10:10:30,1865,1870,1870,-25.00,2,1643
10:10:30,1865,1870,1870,-25.00,1,1644
10:10:37,1865,1870,1870,-25.00,1,1645
10:10:45,1865,1870,1870,-25.00,1,1646
10:10:51,1865,1870,1870,-25.00,1,1647
10:10:51,1865,1870,1870,-25.00,1,1648
10:10:54,1865,1870,1870,-25.00,1,1649
10:10:54,1865,1870,1870,-25.00,1,1650
10:10:55,1870,1875,1870,-25.00,2,1652
10:10:57,1865,1875,1870,-25.00,1,1653
10:11:01,1865,1875,1870,-25.00,1,1654
10:11:01,1865,1875,1865,-30.00,4,1658
10:11:21,1865,1870,1865,-30.00,2,1660
10:11:25,1865,1870,1865,-30.00,1,1661
10:11:26,1865,1870,1865,-30.00,1,1662
10:11:26,1865,1870,1865,-30.00,1,1663
10:11:35,1865,1870,1865,-30.00,3,1666
10:12:40,1860,1865,1865,-30.00,1,1667
10:13:20,1860,1870,1860,-35.00,1,1668
10:13:27,1860,1865,1865,-30.00,1,1669
10:14:46,1865,1870,1865,-30.00,2,1671
10:14:46,1860,1870,1865,-30.00,1,1672
10:15:03,1860,1865,1865,-30.00,1,1673
10:16:41,1865,1870,1865,-30.00,4,1677
10:16:41,1865,1870,1865,-30.00,1,1678
10:16:43,1865,1870,1865,-30.00,1,1679
10:16:48,1860,1870,1870,-25.00,1,1680
10:18:00,1865,1870,1870,-25.00,4,1684
10:18:11,1865,1870,1870,-25.00,1,1685
10:18:22,1865,1870,1870,-25.00,1,1686
10:18:47,1865,1870,1870,-25.00,2,1688
10:18:48,1865,1870,1870,-25.00,1,1689
10:18:49,1865,1870,1865,-30.00,1,1690
10:19:14,1865,1870,1865,-30.00,1,1691
10:19:14,1865,1870,1865,-30.00,1,1692
10:20:15,1865,1870,1865,-30.00,1,1693
10:21:34,1865,1870,1865,-30.00,1,1694
10:21:39,1865,1870,1865,-30.00,1,1695
10:21:39,1865,1870,1865,-30.00,3,1698
10:21:39,1860,1870,1860,-35.00,2,1700
10:22:40,1860,1865,1865,-30.00,5,1705
10:22:53,1860,1865,1865,-30.00,1,1706
10:23:47,1860,1870,1860,-35.00,1,1707
10:24:00,1860,1865,1865,-30.00,1,1708
10:26:13,1865,1870,1870,-25.00,1,1709
10:26:33,1865,1870,1870,-25.00,7,1716
10:27:03,1870,1875,1870,-25.00,3,1719
10:27:03,1865,1870,1870,-25.00,2,1721
10:28:39,1870,1875,1870,-25.00,1,1722
10:28:59,1870,1875,1875,-20.00,1,1723
10:29:29,1870,1875,1875,-20.00,1,1724
10:29:43,1870,1875,1875,-20.00,1,1725
10:29:48,1870,1875,1875,-20.00,1,1726
10:29:54,1870,1875,1875,-20.00,1,1727
10:30:14,1870,1875,1875,-20.00,1,1728
10:30:25,1870,1875,1875,-20.00,1,1729
10:32:06,1870,1875,1875,-20.00,1,1730
10:32:12,1870,1875,1875,-20.00,1,1731
10:32:17,1870,1875,1875,-20.00,1,1732
10:34:23,1875,1880,1875,-20.00,1,1733
10:34:23,1875,1880,1875,-20.00,1,1734
10:34:23,1875,1880,1875,-20.00,2,1736
10:34:23,1875,1880,1875,-20.00,3,1739
10:35:21,1870,1875,1875,-20.00,1,1740
10:35:55,1870,1875,1875,-20.00,1,1741
10:37:02,1870,1875,1875,-20.00,1,1742
10:39:32,1870,1875,1875,-20.00,1,1743
10:40:34,1870,1875,1875,-20.00,1,1744
10:41:43,1870,1875,1875,-20.00,1,1745
10:41:44,1870,1875,1870,-25.00,1,1746
10:42:11,1870,1875,1870,-25.00,1,1747
10:43:34,1870,1875,1870,-25.00,1,1748
10:44:55,1870,1875,1870,-25.00,2,1750
10:45:10,1870,1875,1870,-25.00,7,1757
10:45:10,1865,1875,1870,-25.00,2,1759
10:45:11,1870,1875,1870,-25.00,1,1760
10:45:17,1870,1875,1870,-25.00,1,1761
10:45:18,1870,1875,1870,-25.00,1,1762
10:48:43,1870,1875,1870,-25.00,1,1763
10:48:43,1870,1875,1870,-25.00,1,1764
10:49:16,1870,1875,1870,-25.00,2,1766
10:50:00,1865,1870,1870,-25.00,1,1767
10:50:00,1870,1875,1875,-20.00,1,1768
10:51:11,1870,1875,1875,-20.00,1,1769
10:53:56,1870,1875,1875,-20.00,5,1774
10:54:03,1870,1875,1875,-20.00,5,1779
10:54:18,1870,1880,1875,-20.00,1,1780
10:54:24,1875,1880,1875,-20.00,1,1781
10:54:25,1875,1880,1875,-20.00,1,1782
10:54:48,1870,1880,1875,-20.00,1,1783
10:55:40,1870,1875,1875,-20.00,1,1784
10:57:21,1870,1875,1875,-20.00,1,1785
10:58:26,1870,1875,1875,-20.00,1,1786
10:59:51,1870,1875,1875,-20.00,1,1787
10:59:57,1870,1880,1875,-20.00,1,1788
11:00:02,1870,1880,1880,-15.00,3,1791
11:00:24,1875,1880,1875,-20.00,1,1792
11:01:04,1870,1875,1875,-20.00,1,1793
11:01:35,1870,1875,1875,-20.00,1,1794
11:01:47,1870,1875,1875,-20.00,1,1795
11:02:18,1870,1875,1875,-20.00,1,1796
11:05:49,1870,1875,1870,-25.00,1,1797
11:06:08,1870,1875,1870,-25.00,1,1798
11:07:40,1870,1875,1870,-25.00,7,1805
11:07:53,1870,1875,1870,-25.00,2,1807
11:11:04,1865,1870,1870,-25.00,1,1808
11:12:00,1865,1870,1865,-30.00,1,1809
11:12:09,1865,1870,1870,-25.00,1,1810
11:13:30,1865,1870,1865,-30.00,2,1812
11:13:30,1865,1870,1865,-30.00,1,1813
11:13:30,1865,1870,1865,-30.00,1,1814
11:13:30,1865,1870,1865,-30.00,6,1820
11:14:37,1860,1865,1865,-30.00,1,1821
11:14:55,1860,1865,1865,-30.00,1,1822
11:16:32,1860,1870,1865,-30.00,1,1823
11:16:40,1860,1865,1865,-30.00,1,1824
11:16:47,1860,1870,1865,-30.00,1,1825
11:17:09,1865,1870,1865,-30.00,1,1826
11:18:31,1860,1865,1865,-30.00,1,1827
11:21:17,1860,1865,1865,-30.00,1,1828
11:21:48,1860,1865,1865,-30.00,1,1829
11:22:24,1860,1865,1865,-30.00,1,1830
11:22:33,1860,1865,1865,-30.00,1,1831
11:23:13,1860,1865,1865,-30.00,1,1832
11:23:34,1860,1865,1865,-30.00,2,1834
11:23:53,1860,1865,1865,-30.00,1,1835
11:23:59,1860,1865,1865,-30.00,1,1836
11:24:05,1860,1865,1865,-30.00,1,1837
11:24:09,1860,1865,1865,-30.00,1,1838
11:24:11,1860,1870,1865,-30.00,1,1839
11:24:11,1860,1870,1865,-30.00,1,1840
11:24:17,1865,1870,1865,-30.00,1,1841
11:26:06,1860,1865,1865,-30.00,1,1842
11:26:31,1860,1865,1865,-30.00,3,1845
11:26:34,1860,1865,1865,-30.00,1,1846
11:27:10,1860,1865,1865,-30.00,1,1847
11:27:33,1860,1865,1865,-30.00,1,1848
11:28:04,1860,1865,1865,-30.00,1,1849
11:29:06,1860,1865,1865,-30.00,1,1850
11:29:38,1860,1865,1865,-30.00,5,1855
11:29:41,1865,1870,1865,-30.00,5,1860
11:31:08,1860,1870,1860,-35.00,1,1861
11:31:09,1860,1865,1860,-35.00,1,1862
11:31:41,1860,1865,1860,-35.00,1,1863
11:31:41,1860,1865,1860,-35.00,16,1879
11:31:41,1860,1865,1860,-35.00,9,1888
11:31:41,1860,1865,1860,-35.00,2,1890
11:31:42,1855,1860,1855,-40.00,1,1891
11:31:43,1855,1860,1855,-40.00,2,1893
11:32:06,1855,1860,1855,-40.00,3,1896
11:32:06,1855,1860,1855,-40.00,2,1898
11:32:06,1855,1860,1855,-40.00,1,1899
11:32:06,1855,1860,1855,-40.00,1,1900
11:32:06,1855,1860,1855,-40.00,2,1902
11:32:06,1855,1860,1855,-40.00,1,1903
11:32:06,1855,1860,1855,-40.00,1,1904
11:32:06,1855,1860,1855,-40.00,1,1905
11:32:06,1855,1860,1855,-40.00,1,1906
11:32:06,1855,1860,1855,-40.00,1,1907
11:32:06,1855,1860,1855,-40.00,1,1908
11:32:06,1855,1860,1855,-40.00,1,1909
11:32:06,1855,1860,1855,-40.00,2,1911
11:32:06,1855,1860,1855,-40.00,1,1912
11:32:06,1855,1860,1855,-40.00,2,1914
11:32:06,1855,1860,1855,-40.00,1,1915
11:32:06,1855,1860,1855,-40.00,1,1916
11:32:06,1855,1860,1855,-40.00,1,1917
11:32:06,1855,1860,1855,-40.00,1,1918
11:32:06,1855,1860,1855,-40.00,1,1919
11:32:13,1850,1855,1850,-45.00,1,1920
11:32:30,1850,1855,1850,-45.00,1,1921
11:32:48,1850,1855,1850,-45.00,9,1930
11:32:53,1850,1855,1850,-45.00,1,1931
11:32:54,1850,1855,1850,-45.00,1,1932
11:32:56,1850,1855,1850,-45.00,1,1933
11:32:58,1850,1855,1850,-45.00,1,1934
11:32:58,1850,1855,1850,-45.00,32,1966
11:32:58,1850,1855,1850,-45.00,1,1967
11:32:59,1850,1855,1850,-45.00,5,1972
11:33:07,1845,1850,1850,-45.00,1,1973
11:33:14,1845,1850,1850,-45.00,1,1974
11:33:15,1845,1850,1850,-45.00,1,1975
11:33:16,1845,1850,1850,-45.00,2,1977
11:33:19,1845,1850,1850,-45.00,1,1978
11:33:19,1845,1850,1850,-45.00,1,1979
11:33:21,1845,1850,1850,-45.00,1,1980
11:33:22,1845,1850,1845,-50.00,2,1982
11:33:22,1845,1850,1845,-50.00,1,1983
11:33:23,1845,1850,1850,-45.00,1,1984
11:33:29,1845,1850,1850,-45.00,1,1985
11:33:46,1845,1850,1845,-50.00,1,1986
11:33:48,1845,1850,1845,-50.00,1,1987
11:34:03,1845,1850,1845,-50.00,1,1988
11:34:10,1845,1850,1845,-50.00,1,1989
11:34:10,1845,1850,1845,-50.00,1,1990
11:34:17,1845,1850,1845,-50.00,1,1991
11:34:18,1845,1850,1850,-45.00,1,1992
11:34:19,1845,1850,1845,-50.00,1,1993
11:34:19,1845,1850,1845,-50.00,1,1994
11:34:24,1845,1850,1845,-50.00,1,1995
11:34:33,1845,1850,1845,-50.00,1,1996
11:34:41,1845,1850,1845,-50.00,1,1997
11:34:41,1845,1850,1845,-50.00,13,2010
11:34:49,1840,1845,1845,-50.00,1,2011
11:34:49,1840,1850,1845,-50.00,1,2012
11:34:54,1845,1850,1845,-50.00,1,2013
11:35:03,1845,1850,1845,-50.00,1,2014
11:35:17,1845,1850,1845,-50.00,1,2015
11:35:20,1845,1850,1845,-50.00,2,2017
11:35:20,1845,1850,1845,-50.00,1,2018
11:35:55,1845,1850,1845,-50.00,3,2021
11:36:04,1845,1850,1845,-50.00,1,2022
11:36:05,1845,1850,1845,-50.00,8,2030
11:36:05,1845,1850,1845,-50.00,1,2031
11:36:08,1845,1850,1845,-50.00,1,2032
11:36:33,1845,1850,1845,-50.00,3,2035
11:36:40,1845,1850,1845,-50.00,1,2036
11:37:31,1845,1850,1845,-50.00,1,2037
11:38:39,1845,1850,1845,-50.00,1,2038
11:38:53,1845,1850,1845,-50.00,1,2039
11:38:58,1845,1850,1850,-45.00,1,2040
11:38:59,1845,1850,1845,-50.00,1,2041
11:41:09,1845,1850,1850,-45.00,1,2042
11:41:40,1845,1850,1845,-50.00,1,2043
11:43:40,1845,1850,1850,-45.00,1,2044
11:43:48,1845,1850,1850,-45.00,1,2045
11:44:19,1845,1850,1845,-50.00,1,2046
11:45:23,1845,1850,1850,-45.00,1,2047
11:46:04,1845,1850,1850,-45.00,1,2048
11:46:41,1845,1850,1850,-45.00,1,2049
11:47:27,1845,1850,1850,-45.00,2,2051
11:47:35,1845,1850,1850,-45.00,2,2053
11:47:37,1845,1850,1850,-45.00,2,2055
11:47:40,1845,1850,1850,-45.00,2,2057
11:47:42,1845,1850,1850,-45.00,1,2058
11:47:44,1845,1850,1850,-45.00,1,2059
11:47:48,1845,1850,1850,-45.00,1,2060
11:47:51,1845,1850,1850,-45.00,1,2061
11:47:52,1845,1850,1850,-45.00,1,2062
11:47:53,1845,1850,1850,-45.00,1,2063
11:47:53,1845,1850,1850,-45.00,1,2064
11:47:54,1845,1850,1850,-45.00,1,2065
11:47:55,1845,1850,1850,-45.00,1,2066
11:47:55,1845,1850,1850,-45.00,1,2067
11:47:56,1845,1850,1850,-45.00,1,2068
11:47:56,1845,1850,1850,-45.00,1,2069
11:47:56,1845,1850,1850,-45.00,1,2070
11:47:56,1845,1850,1850,-45.00,1,2071
11:47:59,1845,1850,1850,-45.00,1,2072
11:47:59,1845,1850,1850,-45.00,1,2073
11:47:59,1845,1850,1850,-45.00,1,2074
11:48:03,1850,1855,1850,-45.00,8,2082
11:48:13,1845,1855,1850,-45.00,1,2083
11:49:50,1850,1855,1855,-40.00,1,2084
11:49:55,1850,1855,1855,-40.00,1,2085
11:50:01,1850,1855,1855,-40.00,9,2094
11:50:06,1850,1855,1855,-40.00,2,2096
11:50:06,1850,1855,1855,-40.00,1,2097
11:50:10,1850,1855,1855,-40.00,1,2098
11:50:12,1850,1855,1855,-40.00,1,2099
11:50:12,1850,1855,1855,-40.00,1,2100
11:50:17,1850,1855,1855,-40.00,1,2101
11:50:17,1855,1860,1855,-40.00,2,2103
11:50:18,1855,1860,1855,-40.00,1,2104
11:50:28,1855,1860,1855,-40.00,1,2105
11:51:32,1855,1860,1855,-40.00,1,2106
11:54:09,1855,1860,1855,-40.00,1,2107
11:54:14,1855,1860,1855,-40.00,1,2108
11:56:27,1855,1860,1860,-35.00,1,2109
11:58:11,1855,1860,1860,-35.00,1,2110
11:58:40,1855,1860,1860,-35.00,2,2112
11:58:43,1855,1860,1860,-35.00,4,2116
11:58:52,1855,1860,1860,-35.00,5,2121
11:58:53,1855,1860,1860,-35.00,1,2122
11:58:57,1855,1865,1860,-35.00,1,2123
11:59:00,1855,1865,1860,-35.00,2,2125
11:59:01,1855,1865,1860,-35.00,7,2132
11:59:23,1855,1860,1860,-35.00,3,2135
12:00:39,1860,1865,1860,-35.00,1,2136
12:00:54,1860,1865,1860,-35.00,1,2137
12:01:33,1860,1865,1860,-35.00,2,2139
12:02:04,1860,1865,1860,-35.00,1,2140
12:02:06,1860,1865,1860,-35.00,1,2141
12:02:09,1860,1865,1860,-35.00,1,2142
12:02:20,1860,1865,1860,-35.00,1,2143
12:02:37,1860,1865,1860,-35.00,2,2145
12:02:41,1860,1865,1865,-30.00,1,2146
12:02:58,1860,1865,1865,-30.00,1,2147
12:03:33,1860,1865,1865,-30.00,1,2148
12:05:27,1860,1865,1860,-35.00,1,2149
12:06:13,1860,1865,1860,-35.00,1,2150
12:06:30,1860,1865,1860,-35.00,1,2151
12:06:49,1860,1865,1860,-35.00,1,2152
12:06:50,1860,1865,1860,-35.00,10,2162
12:06:50,1860,1865,1860,-35.00,1,2163
12:07:32,1855,1860,1860,-35.00,1,2164
12:08:44,1855,1860,1855,-40.00,2,2166
12:09:07,1855,1860,1855,-40.00,1,2167
12:09:38,1855,1860,1855,-40.00,10,2177
12:10:09,1855,1860,1855,-40.00,1,2178
12:10:19,1855,1860,1855,-40.00,1,2179
12:10:20,1855,1860,1855,-40.00,1,2180
12:10:23,1855,1860,1855,-40.00,1,2181
12:10:24,1855,1860,1855,-40.00,1,2182
12:10:25,1855,1860,1855,-40.00,1,2183
12:10:25,1855,1860,1855,-40.00,1,2184
12:10:26,1855,1860,1855,-40.00,1,2185
12:11:10,1850,1855,1855,-40.00,4,2189
12:11:54,1855,1860,1855,-40.00,1,2190
12:12:27,1855,1860,1855,-40.00,3,2193
12:13:14,1850,1855,1855,-40.00,1,2194
12:13:24,1850,1855,1855,-40.00,1,2195
12:16:12,1850,1855,1855,-40.00,1,2196
12:17:30,1850,1855,1855,-40.00,1,2197
12:18:36,1850,1855,1855,-40.00,1,2198
12:18:45,1850,1855,1855,-40.00,1,2199
12:20:44,1850,1855,1855,-40.00,1,2200
12:22:15,1850,1855,1855,-40.00,1,2201
12:23:40,1850,1855,1855,-40.00,1,2202
12:23:51,1850,1855,1855,-40.00,1,2203
12:23:59,1850,1855,1855,-40.00,1,2204
12:24:52,1850,1855,1855,-40.00,1,2205
12:25:52,1850,1855,1855,-40.00,1,2206
12:25:53,1850,1855,1855,-40.00,1,2207
12:27:40,1850,1855,1855,-40.00,1,2208
12:28:11,1850,1855,1855,-40.00,1,2209
12:29:41,1850,1855,1855,-40.00,1,2210
12:30:07,1850,1855,1855,-40.00,1,2211
12:31:13,1850,1855,1850,-45.00,1,2212
12:31:17,1850,1855,1855,-40.00,1,2213
12:31:17,1850,1855,1855,-40.00,1,2214
12:31:25,1850,1855,1850,-45.00,1,2215
12:31:55,1850,1855,1850,-45.00,1,2216
12:32:30,1850,1855,1850,-45.00,1,2217
12:32:52,1850,1855,1850,-45.00,3,2220
12:32:55,1850,1855,1850,-45.00,1,2221
12:32:58,1850,1855,1850,-45.00,6,2227
12:32:58,1850,1855,1850,-45.00,6,2233
12:32:58,1850,1855,1850,-45.00,1,2234
12:32:58,1850,1855,1850,-45.00,1,2235
12:33:00,1850,1855,1850,-45.00,1,2236
12:33:00,1850,1855,1850,-45.00,2,2238
12:33:08,1850,1855,1850,-45.00,1,2239
12:33:23,1850,1855,1850,-45.00,1,2240
12:34:53,1850,1855,1855,-40.00,1,2241
12:35:03,1850,1855,1855,-40.00,1,2242
12:38:54,1850,1855,1855,-40.00,1,2243
12:38:54,1850,1855,1855,-40.00,1,2244
12:40:46,1850,1855,1855,-40.00,1,2245
12:42:06,1850,1855,1855,-40.00,1,2246
12:42:24,1850,1855,1855,-40.00,1,2247
12:42:35,1850,1855,1855,-40.00,1,2248
12:43:46,1850,1855,1855,-40.00,1,2249
12:44:22,1850,1855,1850,-45.00,1,2250
12:44:35,1850,1855,1850,-45.00,1,2251
12:44:43,1850,1855,1850,-45.00,1,2252
12:44:46,1850,1855,1850,-45.00,1,2253
12:44:52,1850,1855,1850,-45.00,2,2255
12:44:52,1850,1855,1850,-45.00,1,2256
12:45:00,1850,1855,1850,-45.00,1,2257
12:45:10,1850,1855,1855,-40.00,1,2258
12:45:39,1850,1855,1855,-40.00,1,2259
12:46:26,1850,1855,1855,-40.00,1,2260
12:46:35,1850,1855,1850,-45.00,1,2261
12:46:46,1850,1855,1850,-45.00,1,2262
12:47:00,1850,1855,1850,-45.00,1,2263
12:47:01,1850,1855,1850,-45.00,1,2264
12:47:03,1850,1855,1850,-45.00,2,2266
12:47:27,1850,1855,1850,-45.00,1,2267
12:47:28,1850,1855,1850,-45.00,1,2268
12:47:34,1850,1855,1850,-45.00,7,2275
12:47:37,1850,1855,1850,-45.00,1,2276
12:47:37,1850,1855,1850,-45.00,8,2284
12:47:37,1850,1855,1850,-45.00,1,2285
12:47:38,1850,1855,1850,-45.00,1,2286
12:47:38,1850,1855,1850,-45.00,1,2287
12:47:39,1850,1855,1850,-45.00,1,2288
12:47:39,1850,1855,1850,-45.00,1,2289
12:47:40,1850,1855,1850,-45.00,1,2290
12:48:00,1845,1850,1850,-45.00,1,2291
12:48:29,1845,1850,1850,-45.00,1,2292
12:49:42,1845,1850,1850,-45.00,1,2293
12:49:54,1845,1850,1850,-45.00,1,2294
12:49:57,1845,1850,1845,-50.00,2,2296
12:49:57,1845,1850,1850,-45.00,1,2297
12:51:50,1845,1850,1850,-45.00,1,2298
12:52:00,1845,1850,1850,-45.00,1,2299
12:56:04,1845,1850,1850,-45.00,1,2300
12:57:05,1845,1850,1850,-45.00,1,2301
12:57:42,1845,1850,1845,-50.00,2,2303
12:57:43,1845,1850,1845,-50.00,1,2304
12:57:49,1845,1850,1845,-50.00,1,2305
12:57:50,1845,1850,1845,-50.00,1,2306
12:57:59,1845,1850,1845,-50.00,3,2309
12:58:00,1845,1850,1845,-50.00,1,2310
12:58:01,1845,1850,1845,-50.00,1,2311
12:58:01,1845,1850,1845,-50.00,1,2312
12:58:05,1845,1850,1845,-50.00,1,2313
12:58:14,1845,1850,1845,-50.00,1,2314
12:58:14,1845,1850,1845,-50.00,1,2315
12:58:17,1845,1850,1845,-50.00,1,2316
12:58:20,1845,1850,1845,-50.00,2,2318
12:58:23,1845,1850,1845,-50.00,2,2320
12:58:24,1845,1850,1845,-50.00,1,2321
12:58:27,1845,1850,1845,-50.00,1,2322
12:58:28,1845,1850,1845,-50.00,1,2323
12:58:29,1845,1850,1845,-50.00,1,2324
12:58:38,1845,1850,1845,-50.00,1,2325
12:58:39,1845,1850,1845,-50.00,1,2326
12:58:44,1845,1850,1845,-50.00,1,2327
12:58:45,1845,1850,1845,-50.00,1,2328
12:58:49,1845,1850,1845,-50.00,1,2329
12:58:52,1845,1850,1845,-50.00,1,2330
12:59:09,1845,1850,1845,-50.00,1,2331
12:59:11,1845,1850,1845,-50.00,1,2332
12:59:27,1845,1850,1845,-50.00,1,2333
12:59:33,1845,1850,1845,-50.00,1,2334
13:00:14,1845,1850,1850,-45.00,4,2338
13:00:14,1845,1850,1850,-45.00,1,2339
13:00:36,1845,1850,1845,-50.00,2,2341
13:00:37,1845,1850,1850,-45.00,1,2342
13:00:38,1845,1850,1850,-45.00,1,2343
13:00:43,1845,1850,1850,-45.00,1,2344
13:00:43,1845,1850,1850,-45.00,1,2345
13:01:00,1845,1850,1850,-45.00,2,2347
13:01:06,1845,1850,1850,-45.00,5,2352
13:01:06,1845,1850,1850,-45.00,2,2354
13:01:06,1845,1850,1850,-45.00,3,2357
13:01:06,1845,1850,1850,-45.00,2,2359
13:01:06,1845,1850,1850,-45.00,2,2361
13:01:06,1845,1850,1850,-45.00,4,2365
13:01:06,1845,1850,1850,-45.00,6,2371
13:01:14,1850,1855,1850,-45.00,1,2372
13:02:35,1850,1855,1850,-45.00,2,2374
13:02:36,1850,1855,1850,-45.00,1,2375
13:02:55,1850,1855,1855,-40.00,1,2376
13:03:05,1850,1855,1850,-45.00,1,2377
13:03:10,1850,1855,1850,-45.00,1,2378
13:03:42,1850,1855,1850,-45.00,2,2380
13:03:47,1850,1855,1850,-45.00,3,2383
13:04:00,1850,1855,1850,-45.00,1,2384
13:05:20,1850,1855,1850,-45.00,2,2386
13:08:03,1850,1855,1855,-40.00,1,2387
13:09:34,1850,1855,1850,-45.00,1,2388
13:10:16,1850,1855,1855,-40.00,1,2389
13:10:51,1850,1855,1850,-45.00,1,2390
13:11:10,1850,1855,1850,-45.00,1,2391
13:11:11,1850,1855,1850,-45.00,1,2392
13:11:20,1850,1855,1850,-45.00,1,2393
13:11:35,1850,1855,1850,-45.00,1,2394
13:11:37,1850,1855,1850,-45.00,1,2395
13:11:50,1850,1855,1850,-45.00,1,2396
13:11:54,1850,1855,1850,-45.00,1,2397
13:12:05,1850,1855,1850,-45.00,1,2398
13:12:06,1850,1855,1850,-45.00,10,2408
13:12:06,1850,1855,1850,-45.00,4,2412
13:12:06,1850,1855,1850,-45.00,1,2413
13:12:08,1850,1855,1850,-45.00,1,2414
13:12:10,1850,1855,1850,-45.00,1,2415
13:12:10,1850,1855,1850,-45.00,1,2416
13:12:12,1850,1855,1850,-45.00,1,2417
13:12:18,1850,1855,1850,-45.00,1,2418
13:12:19,1850,1855,1850,-45.00,1,2419
13:12:23,1850,1855,1850,-45.00,1,2420
13:12:25,1850,1855,1850,-45.00,1,2421
13:12:26,1850,1855,1850,-45.00,1,2422
13:12:38,1845,1850,1850,-45.00,1,2423
13:12:40,1845,1850,1850,-45.00,1,2424
13:13:29,1845,1850,1850,-45.00,1,2425
13:13:59,1845,1850,1845,-50.00,1,2426
13:14:00,1845,1850,1850,-45.00,1,2427
13:14:01,1845,1850,1845,-50.00,2,2429
13:14:02,1845,1850,1850,-45.00,1,2430
13:14:06,1845,1850,1845,-50.00,1,2431
13:14:08,1845,1850,1845,-50.00,3,2434
13:14:11,1845,1850,1845,-50.00,1,2435
13:14:12,1845,1850,1850,-45.00,1,2436
13:14:35,1845,1850,1845,-50.00,1,2437
13:14:54,1845,1850,1845,-50.00,3,2440
13:15:09,1845,1850,1845,-50.00,1,2441
13:15:11,1845,1850,1845,-50.00,1,2442
13:15:13,1845,1850,1845,-50.00,1,2443
13:15:14,1845,1850,1850,-45.00,1,2444
13:15:22,1845,1850,1850,-45.00,12,2456
13:15:22,1845,1850,1845,-50.00,1,2457
13:15:22,1845,1850,1850,-45.00,2,2459
13:15:24,1845,1850,1850,-45.00,3,2462
13:15:36,1845,1850,1850,-45.00,1,2463
13:15:39,1845,1850,1850,-45.00,1,2464
13:15:43,1845,1850,1850,-45.00,1,2465
13:15:47,1845,1850,1850,-45.00,1,2466
13:15:49,1845,1850,1850,-45.00,1,2467
13:15:51,1845,1850,1850,-45.00,1,2468
13:15:52,1845,1850,1850,-45.00,1,2469
13:15:52,1845,1850,1850,-45.00,1,2470
13:15:56,1845,1850,1850,-45.00,1,2471
13:15:56,1845,1850,1850,-45.00,1,2472
13:15:58,1845,1850,1850,-45.00,1,2473
13:15:58,1845,1850,1850,-45.00,1,2474
13:16:00,1845,1850,1850,-45.00,1,2475
13:16:00,1845,1850,1850,-45.00,1,2476
13:16:03,1845,1850,1850,-45.00,1,2477
13:16:03,1845,1850,1850,-45.00,1,2478
13:16:32,1845,1850,1850,-45.00,1,2479
13:16:38,1845,1850,1850,-45.00,8,2487
13:16:42,1845,1850,1850,-45.00,1,2488
13:16:43,1845,1850,1850,-45.00,1,2489
13:16:48,1845,1850,1850,-45.00,1,2490
13:16:52,1845,1850,1850,-45.00,1,2491
13:17:02,1845,1850,1850,-45.00,1,2492
13:17:02,1845,1850,1850,-45.00,1,2493
13:17:33,1845,1850,1850,-45.00,1,2494
13:17:35,1845,1850,1850,-45.00,1,2495
13:18:12,1845,1850,1850,-45.00,1,2496
13:18:30,1845,1850,1845,-50.00,1,2497
13:18:30,1845,1850,1845,-50.00,8,2505
13:18:33,1845,1850,1845,-50.00,1,2506
13:18:34,1845,1850,1845,-50.00,2,2508
13:18:35,1845,1850,1845,-50.00,1,2509
13:18:35,1845,1850,1850,-45.00,1,2510
13:18:40,1845,1850,1845,-50.00,1,2511
13:18:41,1845,1850,1850,-45.00,1,2512
13:18:48,1845,1850,1845,-50.00,1,2513
13:18:56,1845,1850,1845,-50.00,2,2515
13:19:01,1845,1850,1845,-50.00,1,2516
13:19:13,1845,1850,1850,-45.00,1,2517
13:19:48,1845,1850,1850,-45.00,1,2518
13:19:48,1845,1850,1850,-45.00,1,2519
13:20:07,1845,1850,1845,-50.00,1,2520
13:20:10,1845,1850,1845,-50.00,1,2521
13:20:10,1845,1850,1845,-50.00,1,2522
13:20:13,1845,1850,1845,-50.00,1,2523
13:20:15,1845,1850,1845,-50.00,1,2524
13:20:18,1845,1850,1845,-50.00,1,2525
13:20:20,1845,1850,1845,-50.00,3,2528
13:20:22,1845,1850,1845,-50.00,1,2529
13:20:23,1845,1850,1845,-50.00,1,2530
13:20:24,1845,1850,1845,-50.00,1,2531
13:20:25,1845,1850,1845,-50.00,3,2534
13:20:31,1840,1845,1845,-50.00,1,2535
13:20:31,1840,1845,1845,-50.00,3,2538
13:20:53,1840,1845,1845,-50.00,1,2539
13:21:00,1840,1845,1845,-50.00,1,2540
13:21:00,1840,1845,1845,-50.00,2,2542
13:21:10,1840,1845,1840,-55.00,1,2543
13:21:10,1840,1845,1845,-50.00,1,2544
13:21:18,1840,1845,1840,-55.00,1,2545
13:21:25,1840,1845,1840,-55.00,1,2546
13:21:26,1840,1845,1840,-55.00,1,2547
13:21:27,1840,1845,1845,-50.00,1,2548
13:21:28,1840,1845,1840,-55.00,1,2549
13:21:35,1840,1845,1840,-55.00,10,2559
13:21:38,1840,1845,1840,-55.00,1,2560
13:21:38,1840,1845,1845,-50.00,2,2562
13:21:41,1840,1845,1845,-50.00,1,2563
13:21:45,1840,1845,1840,-55.00,1,2564
13:21:48,1840,1845,1845,-50.00,1,2565
13:21:54,1840,1845,1840,-55.00,18,2583
13:21:54,1835,1840,1840,-55.00,2,2585
13:21:54,1835,1845,1845,-50.00,26,2611
13:21:56,1840,1850,1845,-50.00,1,2612
13:22:05,1845,1850,1845,-50.00,1,2613
13:22:07,1845,1850,1845,-50.00,1,2614
13:22:12,1845,1850,1850,-45.00,1,2615
13:22:13,1845,1850,1845,-50.00,1,2616
13:22:16,1845,1850,1845,-50.00,1,2617
13:22:21,1845,1850,1845,-50.00,2,2619
13:22:22,1845,1850,1845,-50.00,1,2620
13:22:25,1840,1850,1845,-50.00,1,2621
13:22:25,1840,1850,1840,-55.00,1,2622
13:22:25,1840,1850,1845,-50.00,1,2623
13:22:32,1840,1850,1845,-50.00,1,2624
13:22:34,1840,1850,1845,-50.00,1,2625
13:22:37,1840,1850,1845,-50.00,1,2626
13:22:48,1840,1850,1840,-55.00,1,2627
13:22:51,1840,1850,1845,-50.00,1,2628
13:23:17,1845,1850,1845,-50.00,1,2629
13:23:17,1845,1850,1845,-50.00,1,2630
13:23:18,1845,1850,1845,-50.00,1,2631
13:23:26,1845,1850,1845,-50.00,1,2632
13:23:28,1845,1850,1845,-50.00,1,2633
13:23:29,1840,1850,1845,-50.00,2,2635
13:23:30,1840,1850,1845,-50.00,1,2636
13:23:32,1840,1850,1845,-50.00,1,2637
13:23:32,1840,1845,1845,-50.00,8,2645
13:23:32,1840,1845,1845,-50.00,1,2646
13:23:42,1840,1845,1845,-50.00,1,2647
13:23:42,1840,1845,1845,-50.00,16,2663
13:24:07,1845,1850,1845,-50.00,1,2664
13:24:09,1845,1850,1845,-50.00,1,2665
13:24:10,1845,1850,1845,-50.00,2,2667
13:24:11,1845,1850,1845,-50.00,1,2668
13:24:14,1845,1850,1845,-50.00,1,2669
13:24:15,1845,1850,1845,-50.00,2,2671
13:24:16,1845,1850,1845,-50.00,2,2673
13:24:17,1840,1845,1845,-50.00,3,2676
13:24:21,1840,1850,1845,-50.00,1,2677
13:24:25,1840,1850,1840,-55.00,1,2678
13:24:26,1840,1850,1845,-50.00,1,2679
13:24:38,1840,1845,1845,-50.00,3,2682
13:24:38,1840,1845,1845,-50.00,1,2683
13:24:54,1840,1845,1840,-55.00,2,2685
13:24:55,1840,1845,1845,-50.00,1,2686
13:24:55,1840,1845,1845,-50.00,13,2699
13:24:55,1840,1850,1840,-55.00,1,2700
13:30:00,1845,1850,1840,-55.00,388,3088
